dataset,case_name,algorithm,pair_npz,result_file,status,elapsed_time_s,rmse_mm,mi,dice,asd_mm,hd95_mm,tre95_mm,tre_mean_mm,message
AbdomenMRCT_CT_MRI,AbdomenMRCT_0001__CT_to_MRI_mixed,modified,/data/bianfeng/yixueOT/new_code_test/experiment_batches/processed/AbdomenMRCT_CT_MRI/AbdomenMRCT_0001__CT_to_MRI_mixed.npz,/data/bianfeng/yixueOT/new_code_test/registration_results/modified/data/AbdomenMRCT_0001_CT_to_MRI_mixed_result.mat,success,1.556769,nan,0.14715665889085452,0.43308277392206335,17.200895025720623,49.35585071701227,nan,nan,
AbdomenMRCT_CT_MRI,AbdomenMRCT_0001__CT_to_MRI_mixed,modified_full,/data/bianfeng/yixueOT/new_code_test/experiment_batches/processed/AbdomenMRCT_CT_MRI/AbdomenMRCT_0001__CT_to_MRI_mixed.npz,/data/bianfeng/yixueOT/new_code_test/registration_results/modified_full/data/AbdomenMRCT_0001_CT_to_MRI_mixed_result.mat,success,2.652039,nan,0.14543202537499036,0.48797987176365554,15.631327170083658,47.58150901348127,nan,nan,
AbdomenMRCT_CT_MRI,AbdomenMRCT_0001__CT_to_MRI_mixed,random_baseline,/data/bianfeng/yixueOT/new_code_test/experiment_batches/processed/AbdomenMRCT_CT_MRI/AbdomenMRCT_0001__CT_to_MRI_mixed.npz,/data/bianfeng/yixueOT/new_code_test/registration_results/random_baseline/data/AbdomenMRCT_0001_CT_to_MRI_mixed_result.mat,success,1.269897,nan,0.13564187363655605,0.5428406299667679,14.09248482909681,42.567593307585526,nan,nan,
AbdomenMRCT_CT_MRI,AbdomenMRCT_0001__CT_to_MRI_mixed,icp,/data/bianfeng/yixueOT/new_code_test/experiment_batches/processed/AbdomenMRCT_CT_MRI/AbdomenMRCT_0001__CT_to_MRI_mixed.npz,/data/bianfeng/yixueOT/new_code_test/compare_results/icp/AbdomenMRCT_CT_MRI/AbdomenMRCT_0001__CT_to_MRI_mixed_icp.npz,success,2.257075786590576,nan,0.17369333135404458,0.59904258216726,13.675461385251252,70.14271166700073,nan,nan,
AbdomenMRCT_CT_MRI,AbdomenMRCT_0001__CT_to_MRI_mixed,fgr,/data/bianfeng/yixueOT/new_code_test/experiment_batches/processed/AbdomenMRCT_CT_MRI/AbdomenMRCT_0001__CT_to_MRI_mixed.npz,/data/bianfeng/yixueOT/new_code_test/compare_results/fgr/AbdomenMRCT_CT_MRI/AbdomenMRCT_0001__CT_to_MRI_mixed_fgr.npz,success,0.3278665542602539,nan,0.14164164031313067,0.594916094591761,15.314002457883609,85.27602242131137,nan,nan,
AbdomenMRCT_CT_MRI,AbdomenMRCT_0001__CT_to_MRI_mixed,ants,/data/bianfeng/yixueOT/new_code_test/experiment_batches/processed/AbdomenMRCT_CT_MRI/AbdomenMRCT_0001__CT_to_MRI_mixed.npz,/data/bianfeng/yixueOT/new_code_test/compare_results/ants/AbdomenMRCT_CT_MRI/AbdomenMRCT_0001__CT_to_MRI_mixed_ants.npz,success,3.0729806423187256,nan,0.16045179488188854,0.46264638103748296,19.68263104315957,88.11356308764276,nan,nan,
AbdomenMRCT_CT_MRI,AbdomenMRCT_0002__CT_to_MRI_mixed,modified,/data/bianfeng/yixueOT/new_code_test/experiment_batches/processed/AbdomenMRCT_CT_MRI/AbdomenMRCT_0002__CT_to_MRI_mixed.npz,/data/bianfeng/yixueOT/new_code_test/registration_results/modified/data/AbdomenMRCT_0002_CT_to_MRI_mixed_result.mat,success,0.831617,nan,0.05553883681454766,0.6597416312596704,10.803510628895602,27.28368592080937,nan,nan,
AbdomenMRCT_CT_MRI,AbdomenMRCT_0002__CT_to_MRI_mixed,modified_full,/data/bianfeng/yixueOT/new_code_test/experiment_batches/processed/AbdomenMRCT_CT_MRI/AbdomenMRCT_0002__CT_to_MRI_mixed.npz,/data/bianfeng/yixueOT/new_code_test/registration_results/modified_full/data/AbdomenMRCT_0002_CT_to_MRI_mixed_result.mat,success,2.732396,nan,0.06056079316468073,0.6775067351354271,10.379101717560097,26.153393661244042,nan,nan,
AbdomenMRCT_CT_MRI,AbdomenMRCT_0002__CT_to_MRI_mixed,random_baseline,/data/bianfeng/yixueOT/new_code_test/experiment_batches/processed/AbdomenMRCT_CT_MRI/AbdomenMRCT_0002__CT_to_MRI_mixed.npz,/data/bianfeng/yixueOT/new_code_test/registration_results/random_baseline/data/AbdomenMRCT_0002_CT_to_MRI_mixed_result.mat,success,0.84382,nan,0.07176272427775425,0.7043739239567446,9.793701872069132,26.30589287593181,nan,nan,
AbdomenMRCT_CT_MRI,AbdomenMRCT_0002__CT_to_MRI_mixed,icp,/data/bianfeng/yixueOT/new_code_test/experiment_batches/processed/AbdomenMRCT_CT_MRI/AbdomenMRCT_0002__CT_to_MRI_mixed.npz,/data/bianfeng/yixueOT/new_code_test/compare_results/icp/AbdomenMRCT_CT_MRI/AbdomenMRCT_0002__CT_to_MRI_mixed_icp.npz,success,2.9491970539093018,nan,0.06367274597859501,0.7341734224996869,9.74983030463558,29.597297173897484,nan,nan,
AbdomenMRCT_CT_MRI,AbdomenMRCT_0002__CT_to_MRI_mixed,fgr,/data/bianfeng/yixueOT/new_code_test/experiment_batches/processed/AbdomenMRCT_CT_MRI/AbdomenMRCT_0002__CT_to_MRI_mixed.npz,/data/bianfeng/yixueOT/new_code_test/compare_results/fgr/AbdomenMRCT_CT_MRI/AbdomenMRCT_0002__CT_to_MRI_mixed_fgr.npz,success,0.48807311058044434,nan,0.06087008568583824,0.7271081770413131,9.94458840734015,31.368774282716245,nan,nan,
AbdomenMRCT_CT_MRI,AbdomenMRCT_0002__CT_to_MRI_mixed,ants,/data/bianfeng/yixueOT/new_code_test/experiment_batches/processed/AbdomenMRCT_CT_MRI/AbdomenMRCT_0002__CT_to_MRI_mixed.npz,/data/bianfeng/yixueOT/new_code_test/compare_results/ants/AbdomenMRCT_CT_MRI/AbdomenMRCT_0002__CT_to_MRI_mixed_ants.npz,success,3.3060007095336914,nan,0.1767539158219866,0.32202956923228054,36.241708459963554,92.71029605522357,nan,nan,
AbdomenMRCT_CT_MRI,AbdomenMRCT_0003__CT_to_MRI_mixed,modified,/data/bianfeng/yixueOT/new_code_test/experiment_batches/processed/AbdomenMRCT_CT_MRI/AbdomenMRCT_0003__CT_to_MRI_mixed.npz,/data/bianfeng/yixueOT/new_code_test/registration_results/modified/data/AbdomenMRCT_0003_CT_to_MRI_mixed_result.mat,success,0.706848,nan,0.052570633740220515,0.6793735067693124,7.273357004077354,18.867962264113206,nan,nan,
AbdomenMRCT_CT_MRI,AbdomenMRCT_0003__CT_to_MRI_mixed,modified_full,/data/bianfeng/yixueOT/new_code_test/experiment_batches/processed/AbdomenMRCT_CT_MRI/AbdomenMRCT_0003__CT_to_MRI_mixed.npz,/data/bianfeng/yixueOT/new_code_test/registration_results/modified_full/data/AbdomenMRCT_0003_CT_to_MRI_mixed_result.mat,success,2.024186,nan,0.05288883405011929,0.6830034829676411,7.212433048365206,18.867962264113206,nan,nan,
AbdomenMRCT_CT_MRI,AbdomenMRCT_0003__CT_to_MRI_mixed,random_baseline,/data/bianfeng/yixueOT/new_code_test/experiment_batches/processed/AbdomenMRCT_CT_MRI/AbdomenMRCT_0003__CT_to_MRI_mixed.npz,/data/bianfeng/yixueOT/new_code_test/registration_results/random_baseline/data/AbdomenMRCT_0003_CT_to_MRI_mixed_result.mat,success,0.722592,nan,0.0471601539692806,0.6667971737475052,7.571534348605052,19.390719429665317,nan,nan,
AbdomenMRCT_CT_MRI,AbdomenMRCT_0003__CT_to_MRI_mixed,icp,/data/bianfeng/yixueOT/new_code_test/experiment_batches/processed/AbdomenMRCT_CT_MRI/AbdomenMRCT_0003__CT_to_MRI_mixed.npz,/data/bianfeng/yixueOT/new_code_test/compare_results/icp/AbdomenMRCT_CT_MRI/AbdomenMRCT_0003__CT_to_MRI_mixed_icp.npz,success,2.341891050338745,nan,0.05232414972737166,0.6982777070824547,7.047004650241285,20.0,nan,nan,
AbdomenMRCT_CT_MRI,AbdomenMRCT_0003__CT_to_MRI_mixed,fgr,/data/bianfeng/yixueOT/new_code_test/experiment_batches/processed/AbdomenMRCT_CT_MRI/AbdomenMRCT_0003__CT_to_MRI_mixed.npz,/data/bianfeng/yixueOT/new_code_test/compare_results/fgr/AbdomenMRCT_CT_MRI/AbdomenMRCT_0003__CT_to_MRI_mixed_fgr.npz,success,0.4942605495452881,nan,0.05627396631795834,0.6862988426417499,7.621033582016665,23.07378005096472,nan,nan,
AbdomenMRCT_CT_MRI,AbdomenMRCT_0003__CT_to_MRI_mixed,ants,/data/bianfeng/yixueOT/new_code_test/experiment_batches/processed/AbdomenMRCT_CT_MRI/AbdomenMRCT_0003__CT_to_MRI_mixed.npz,/data/bianfeng/yixueOT/new_code_test/compare_results/ants/AbdomenMRCT_CT_MRI/AbdomenMRCT_0003__CT_to_MRI_mixed_ants.npz,success,3.436298131942749,nan,0.08168427375657619,0.44082216371271055,14.68361495149025,38.05259518088089,nan,nan,
AbdomenMRCT_CT_MRI,AbdomenMRCT_0004__CT_to_MRI_mixed,modified,/data/bianfeng/yixueOT/new_code_test/experiment_batches/processed/AbdomenMRCT_CT_MRI/AbdomenMRCT_0004__CT_to_MRI_mixed.npz,/data/bianfeng/yixueOT/new_code_test/registration_results/modified/data/AbdomenMRCT_0004_CT_to_MRI_mixed_result.mat,success,0.812885,nan,0.14685699033445462,0.817253039055842,5.210043812060319,14.142135623730951,nan,nan,
AbdomenMRCT_CT_MRI,AbdomenMRCT_0004__CT_to_MRI_mixed,modified_full,/data/bianfeng/yixueOT/new_code_test/experiment_batches/processed/AbdomenMRCT_CT_MRI/AbdomenMRCT_0004__CT_to_MRI_mixed.npz,/data/bianfeng/yixueOT/new_code_test/registration_results/modified_full/data/AbdomenMRCT_0004_CT_to_MRI_mixed_result.mat,success,1.952469,nan,0.15064382694142103,0.8192658792376573,5.167513971154367,14.2828568570857,nan,nan,
AbdomenMRCT_CT_MRI,AbdomenMRCT_0004__CT_to_MRI_mixed,random_baseline,/data/bianfeng/yixueOT/new_code_test/experiment_batches/processed/AbdomenMRCT_CT_MRI/AbdomenMRCT_0004__CT_to_MRI_mixed.npz,/data/bianfeng/yixueOT/new_code_test/registration_results/random_baseline/data/AbdomenMRCT_0004_CT_to_MRI_mixed_result.mat,success,0.585107,nan,0.14252197236298886,0.8149042998980709,5.262321655545646,14.696938456699069,nan,nan,
AbdomenMRCT_CT_MRI,AbdomenMRCT_0004__CT_to_MRI_mixed,icp,/data/bianfeng/yixueOT/new_code_test/experiment_batches/processed/AbdomenMRCT_CT_MRI/AbdomenMRCT_0004__CT_to_MRI_mixed.npz,/data/bianfeng/yixueOT/new_code_test/compare_results/icp/AbdomenMRCT_CT_MRI/AbdomenMRCT_0004__CT_to_MRI_mixed_icp.npz,success,1.8813624382019043,nan,0.1494938931466477,0.8194708201938545,5.176162597854225,14.142135623730951,nan,nan,
AbdomenMRCT_CT_MRI,AbdomenMRCT_0004__CT_to_MRI_mixed,fgr,/data/bianfeng/yixueOT/new_code_test/experiment_batches/processed/AbdomenMRCT_CT_MRI/AbdomenMRCT_0004__CT_to_MRI_mixed.npz,/data/bianfeng/yixueOT/new_code_test/compare_results/fgr/AbdomenMRCT_CT_MRI/AbdomenMRCT_0004__CT_to_MRI_mixed_fgr.npz,success,0.4560971260070801,nan,0.1464443339868146,0.8183961716263619,5.211903221400999,14.966629547095765,nan,nan,
AbdomenMRCT_CT_MRI,AbdomenMRCT_0004__CT_to_MRI_mixed,ants,/data/bianfeng/yixueOT/new_code_test/experiment_batches/processed/AbdomenMRCT_CT_MRI/AbdomenMRCT_0004__CT_to_MRI_mixed.npz,/data/bianfeng/yixueOT/new_code_test/compare_results/ants/AbdomenMRCT_CT_MRI/AbdomenMRCT_0004__CT_to_MRI_mixed_ants.npz,success,3.231018304824829,nan,0.11181525082584018,0.5171208762171902,13.125504760108875,31.874754901018456,nan,nan,
AbdomenMRCT_CT_MRI,AbdomenMRCT_0005__CT_to_MRI_mixed,modified,/data/bianfeng/yixueOT/new_code_test/experiment_batches/processed/AbdomenMRCT_CT_MRI/AbdomenMRCT_0005__CT_to_MRI_mixed.npz,/data/bianfeng/yixueOT/new_code_test/registration_results/modified/data/AbdomenMRCT_0005_CT_to_MRI_mixed_result.mat,success,0.738108,nan,0.043390429077890674,0.5703843326142666,11.652640761348492,26.0,nan,nan,
AbdomenMRCT_CT_MRI,AbdomenMRCT_0005__CT_to_MRI_mixed,modified_full,/data/bianfeng/yixueOT/new_code_test/experiment_batches/processed/AbdomenMRCT_CT_MRI/AbdomenMRCT_0005__CT_to_MRI_mixed.npz,/data/bianfeng/yixueOT/new_code_test/registration_results/modified_full/data/AbdomenMRCT_0005_CT_to_MRI_mixed_result.mat,success,2.103903,nan,0.04196580767675058,0.573506631813341,11.538056212379933,26.153393661244042,nan,nan,
AbdomenMRCT_CT_MRI,AbdomenMRCT_0005__CT_to_MRI_mixed,random_baseline,/data/bianfeng/yixueOT/new_code_test/experiment_batches/processed/AbdomenMRCT_CT_MRI/AbdomenMRCT_0005__CT_to_MRI_mixed.npz,/data/bianfeng/yixueOT/new_code_test/registration_results/random_baseline/data/AbdomenMRCT_0005_CT_to_MRI_mixed_result.mat,success,0.698241,nan,0.04324223801887547,0.5696391913990466,11.70662028626446,27.85677655436824,nan,nan,
AbdomenMRCT_CT_MRI,AbdomenMRCT_0005__CT_to_MRI_mixed,icp,/data/bianfeng/yixueOT/new_code_test/experiment_batches/processed/AbdomenMRCT_CT_MRI/AbdomenMRCT_0005__CT_to_MRI_mixed.npz,/data/bianfeng/yixueOT/new_code_test/compare_results/icp/AbdomenMRCT_CT_MRI/AbdomenMRCT_0005__CT_to_MRI_mixed_icp.npz,success,1.6012890338897705,nan,0.04663031823806457,0.5914952196538787,11.259963600049723,32.802438933713454,nan,nan,
AbdomenMRCT_CT_MRI,AbdomenMRCT_0005__CT_to_MRI_mixed,fgr,/data/bianfeng/yixueOT/new_code_test/experiment_batches/processed/AbdomenMRCT_CT_MRI/AbdomenMRCT_0005__CT_to_MRI_mixed.npz,/data/bianfeng/yixueOT/new_code_test/compare_results/fgr/AbdomenMRCT_CT_MRI/AbdomenMRCT_0005__CT_to_MRI_mixed_fgr.npz,success,0.510901927947998,nan,0.042158168571089664,0.5751265787359825,11.42742551237567,28.635642126552707,nan,nan,
AbdomenMRCT_CT_MRI,AbdomenMRCT_0005__CT_to_MRI_mixed,ants,/data/bianfeng/yixueOT/new_code_test/experiment_batches/processed/AbdomenMRCT_CT_MRI/AbdomenMRCT_0005__CT_to_MRI_mixed.npz,/data/bianfeng/yixueOT/new_code_test/compare_results/ants/AbdomenMRCT_CT_MRI/AbdomenMRCT_0005__CT_to_MRI_mixed_ants.npz,success,3.193615198135376,nan,0.09117047390125466,0.4079100625943529,17.25860945013483,44.090815370097204,nan,nan,
AbdomenMRCT_CT_MRI,AbdomenMRCT_0006__CT_to_MRI_mixed,modified,/data/bianfeng/yixueOT/new_code_test/experiment_batches/processed/AbdomenMRCT_CT_MRI/AbdomenMRCT_0006__CT_to_MRI_mixed.npz,/data/bianfeng/yixueOT/new_code_test/registration_results/modified/data/AbdomenMRCT_0006_CT_to_MRI_mixed_result.mat,success,0.622624,nan,0.048961829186987944,0.7216913747613009,8.121987932622856,19.79898987322333,nan,nan,
AbdomenMRCT_CT_MRI,AbdomenMRCT_0006__CT_to_MRI_mixed,modified_full,/data/bianfeng/yixueOT/new_code_test/experiment_batches/processed/AbdomenMRCT_CT_MRI/AbdomenMRCT_0006__CT_to_MRI_mixed.npz,/data/bianfeng/yixueOT/new_code_test/registration_results/modified_full/data/AbdomenMRCT_0006_CT_to_MRI_mixed_result.mat,success,2.013914,nan,0.05012969547254965,0.7244215010814682,8.068230219460146,20.0,nan,nan,
AbdomenMRCT_CT_MRI,AbdomenMRCT_0006__CT_to_MRI_mixed,random_baseline,/data/bianfeng/yixueOT/new_code_test/experiment_batches/processed/AbdomenMRCT_CT_MRI/AbdomenMRCT_0006__CT_to_MRI_mixed.npz,/data/bianfeng/yixueOT/new_code_test/registration_results/random_baseline/data/AbdomenMRCT_0006_CT_to_MRI_mixed_result.mat,success,0.523983,nan,0.05485486206646298,0.7311365963696261,7.985602309611814,20.8806130178211,nan,nan,
AbdomenMRCT_CT_MRI,AbdomenMRCT_0006__CT_to_MRI_mixed,icp,/data/bianfeng/yixueOT/new_code_test/experiment_batches/processed/AbdomenMRCT_CT_MRI/AbdomenMRCT_0006__CT_to_MRI_mixed.npz,/data/bianfeng/yixueOT/new_code_test/compare_results/icp/AbdomenMRCT_CT_MRI/AbdomenMRCT_0006__CT_to_MRI_mixed_icp.npz,success,1.4526453018188477,nan,0.050430169054957244,0.7255939896754491,8.317581675993502,25.612496949731394,nan,nan,
AbdomenMRCT_CT_MRI,AbdomenMRCT_0006__CT_to_MRI_mixed,fgr,/data/bianfeng/yixueOT/new_code_test/experiment_batches/processed/AbdomenMRCT_CT_MRI/AbdomenMRCT_0006__CT_to_MRI_mixed.npz,/data/bianfeng/yixueOT/new_code_test/compare_results/fgr/AbdomenMRCT_CT_MRI/AbdomenMRCT_0006__CT_to_MRI_mixed_fgr.npz,success,0.33018064498901367,nan,0.05818776391537302,0.7249677461678073,8.139552450031902,20.09975124224178,nan,nan,
AbdomenMRCT_CT_MRI,AbdomenMRCT_0006__CT_to_MRI_mixed,ants,/data/bianfeng/yixueOT/new_code_test/experiment_batches/processed/AbdomenMRCT_CT_MRI/AbdomenMRCT_0006__CT_to_MRI_mixed.npz,/data/bianfeng/yixueOT/new_code_test/compare_results/ants/AbdomenMRCT_CT_MRI/AbdomenMRCT_0006__CT_to_MRI_mixed_ants.npz,success,3.0607118606567383,nan,0.1045564445994242,0.3630403449023584,19.667971447782683,47.70744176750625,nan,nan,
AbdomenMRCT_CT_MRI,AbdomenMRCT_0007__CT_to_MRI_mixed,modified,/data/bianfeng/yixueOT/new_code_test/experiment_batches/processed/AbdomenMRCT_CT_MRI/AbdomenMRCT_0007__CT_to_MRI_mixed.npz,/data/bianfeng/yixueOT/new_code_test/registration_results/modified/data/AbdomenMRCT_0007_CT_to_MRI_mixed_result.mat,success,0.636527,nan,0.07476982778324318,0.6140128952051771,9.820394893486814,24.819347291981714,nan,nan,
AbdomenMRCT_CT_MRI,AbdomenMRCT_0007__CT_to_MRI_mixed,modified_full,/data/bianfeng/yixueOT/new_code_test/experiment_batches/processed/AbdomenMRCT_CT_MRI/AbdomenMRCT_0007__CT_to_MRI_mixed.npz,/data/bianfeng/yixueOT/new_code_test/registration_results/modified_full/data/AbdomenMRCT_0007_CT_to_MRI_mixed_result.mat,success,1.913099,nan,0.0692329330753568,0.6232129636594703,9.636062456196319,25.37715508089904,nan,nan,
AbdomenMRCT_CT_MRI,AbdomenMRCT_0007__CT_to_MRI_mixed,random_baseline,/data/bianfeng/yixueOT/new_code_test/experiment_batches/processed/AbdomenMRCT_CT_MRI/AbdomenMRCT_0007__CT_to_MRI_mixed.npz,/data/bianfeng/yixueOT/new_code_test/registration_results/random_baseline/data/AbdomenMRCT_0007_CT_to_MRI_mixed_result.mat,success,0.469205,nan,0.0721575534327748,0.6143926706338365,9.739399364380215,24.413111231467404,nan,nan,
AbdomenMRCT_CT_MRI,AbdomenMRCT_0007__CT_to_MRI_mixed,icp,/data/bianfeng/yixueOT/new_code_test/experiment_batches/processed/AbdomenMRCT_CT_MRI/AbdomenMRCT_0007__CT_to_MRI_mixed.npz,/data/bianfeng/yixueOT/new_code_test/compare_results/icp/AbdomenMRCT_CT_MRI/AbdomenMRCT_0007__CT_to_MRI_mixed_icp.npz,success,2.706794261932373,nan,0.07320323146236757,0.6358903502173517,9.672657182288276,26.832815729997478,nan,nan,
AbdomenMRCT_CT_MRI,AbdomenMRCT_0007__CT_to_MRI_mixed,fgr,/data/bianfeng/yixueOT/new_code_test/experiment_batches/processed/AbdomenMRCT_CT_MRI/AbdomenMRCT_0007__CT_to_MRI_mixed.npz,/data/bianfeng/yixueOT/new_code_test/compare_results/fgr/AbdomenMRCT_CT_MRI/AbdomenMRCT_0007__CT_to_MRI_mixed_fgr.npz,success,0.42994213104248047,nan,0.03755780143926917,0.5879467802527978,10.889059715596057,32.37282811247729,nan,nan,
AbdomenMRCT_CT_MRI,AbdomenMRCT_0007__CT_to_MRI_mixed,ants,/data/bianfeng/yixueOT/new_code_test/experiment_batches/processed/AbdomenMRCT_CT_MRI/AbdomenMRCT_0007__CT_to_MRI_mixed.npz,/data/bianfeng/yixueOT/new_code_test/compare_results/ants/AbdomenMRCT_CT_MRI/AbdomenMRCT_0007__CT_to_MRI_mixed_ants.npz,success,3.283626079559326,nan,0.12301918071074795,0.44166214680765986,17.106616520619788,44.58699361921591,nan,nan,
AbdomenMRCT_CT_MRI,AbdomenMRCT_0008__CT_to_MRI_mixed,modified,/data/bianfeng/yixueOT/new_code_test/experiment_batches/processed/AbdomenMRCT_CT_MRI/AbdomenMRCT_0008__CT_to_MRI_mixed.npz,/data/bianfeng/yixueOT/new_code_test/registration_results/modified/data/AbdomenMRCT_0008_CT_to_MRI_mixed_result.mat,success,0.675018,nan,0.14913712783018615,0.7943973404118239,5.321194815795984,14.142135623730951,nan,nan,
AbdomenMRCT_CT_MRI,AbdomenMRCT_0008__CT_to_MRI_mixed,modified_full,/data/bianfeng/yixueOT/new_code_test/experiment_batches/processed/AbdomenMRCT_CT_MRI/AbdomenMRCT_0008__CT_to_MRI_mixed.npz,/data/bianfeng/yixueOT/new_code_test/registration_results/modified_full/data/AbdomenMRCT_0008_CT_to_MRI_mixed_result.mat,success,2.138312,nan,0.14032987347558643,0.8022999845391564,5.131724890307586,13.564659966250536,nan,nan,
AbdomenMRCT_CT_MRI,AbdomenMRCT_0008__CT_to_MRI_mixed,random_baseline,/data/bianfeng/yixueOT/new_code_test/experiment_batches/processed/AbdomenMRCT_CT_MRI/AbdomenMRCT_0008__CT_to_MRI_mixed.npz,/data/bianfeng/yixueOT/new_code_test/registration_results/random_baseline/data/AbdomenMRCT_0008_CT_to_MRI_mixed_result.mat,success,0.477365,nan,0.12899281378851785,0.7997423225937071,5.182938344003995,14.142135623730951,nan,nan,
AbdomenMRCT_CT_MRI,AbdomenMRCT_0008__CT_to_MRI_mixed,icp,/data/bianfeng/yixueOT/new_code_test/experiment_batches/processed/AbdomenMRCT_CT_MRI/AbdomenMRCT_0008__CT_to_MRI_mixed.npz,/data/bianfeng/yixueOT/new_code_test/compare_results/icp/AbdomenMRCT_CT_MRI/AbdomenMRCT_0008__CT_to_MRI_mixed_icp.npz,success,1.616164207458496,nan,0.14797931559006294,0.8074527301643399,5.008525273937343,12.806248474865697,nan,nan,
AbdomenMRCT_CT_MRI,AbdomenMRCT_0008__CT_to_MRI_mixed,fgr,/data/bianfeng/yixueOT/new_code_test/experiment_batches/processed/AbdomenMRCT_CT_MRI/AbdomenMRCT_0008__CT_to_MRI_mixed.npz,/data/bianfeng/yixueOT/new_code_test/compare_results/fgr/AbdomenMRCT_CT_MRI/AbdomenMRCT_0008__CT_to_MRI_mixed_fgr.npz,success,0.3794558048248291,nan,0.14271146359570877,0.7898817860738363,5.440572601377276,14.142135623730951,nan,nan,
AbdomenMRCT_CT_MRI,AbdomenMRCT_0008__CT_to_MRI_mixed,ants,/data/bianfeng/yixueOT/new_code_test/experiment_batches/processed/AbdomenMRCT_CT_MRI/AbdomenMRCT_0008__CT_to_MRI_mixed.npz,/data/bianfeng/yixueOT/new_code_test/compare_results/ants/AbdomenMRCT_CT_MRI/AbdomenMRCT_0008__CT_to_MRI_mixed_ants.npz,success,3.7193994522094727,nan,0.13492718458900665,0.5762550874460882,11.532195617603662,26.153393661244042,nan,nan,
